rank,uid,title,year,venue,url,problem_claimed,actual_mechanism,hidden_assumptions,variables_treated_as_fixed,failure_modes_ignored,what_it_makes_less_novel,what_it_leaves_open
1,doi:10.3390/sym18030394,PI-VLA: Adaptive Symmetry-Aware Decision-Making for Long-Horizon Vision–Language–Action Manipulation,2026,Symmetry,https://doi.org/10.3390/sym18030394,Addresses adaptive world models for long-horizon robot tasks or a neighboring robotics mechanism.,"Prior work usually predicts, ranks, filters, or imitates observed behavior rather than preserving unrealized branches.",The observed outcome is enough to supervise the model.,"Contact mode support, embodiment limits, and deployment perturbations.","Branch collapse, hidden-mode shift, and tail-risk planning failures.",Generic world models and generic uncertainty are crowded.,Embodied model repair memory keeps action-critical alternatives explicit until a physical observation collapses them.
2,doi:10.1109/cvpr.2019.00063,Scene Memory Transformer for Embodied Agents in Long-Horizon Tasks,2019,2019 IEEE/CVF Conference on Computer Vision and Pattern Recognition (CVPR),https://doi.org/10.1109/cvpr.2019.00063,Addresses adaptive world models for long-horizon robot tasks or a neighboring robotics mechanism.,"Prior work usually predicts, ranks, filters, or imitates observed behavior rather than preserving unrealized branches.",The observed outcome is enough to supervise the model.,"Contact mode support, embodiment limits, and deployment perturbations.","Branch collapse, hidden-mode shift, and tail-risk planning failures.",Generic world models and generic uncertainty are crowded.,Embodied model repair memory keeps action-critical alternatives explicit until a physical observation collapses them.
3,arxiv:2402.11871v6,From Real World to Logic and Back: Learning Generalizable Relational Concepts For Long Horizon Robot Planning,2024,arXiv,http://arxiv.org/abs/2402.11871v6,Addresses adaptive world models for long-horizon robot tasks or a neighboring robotics mechanism.,"Prior work usually predicts, ranks, filters, or imitates observed behavior rather than preserving unrealized branches.",The observed outcome is enough to supervise the model.,"Contact mode support, embodiment limits, and deployment perturbations.","Branch collapse, hidden-mode shift, and tail-risk planning failures.",Generic world models and generic uncertainty are crowded.,Embodied model repair memory keeps action-critical alternatives explicit until a physical observation collapses them.
4,arxiv:2511.09516v1,MAP-VLA: Memory-Augmented Prompting for Vision-Language-Action Model in Robotic Manipulation,2025,arXiv,http://arxiv.org/abs/2511.09516v1,Addresses adaptive world models for long-horizon robot tasks or a neighboring robotics mechanism.,"Prior work usually predicts, ranks, filters, or imitates observed behavior rather than preserving unrealized branches.",The observed outcome is enough to supervise the model.,"Contact mode support, embodiment limits, and deployment perturbations.","Branch collapse, hidden-mode shift, and tail-risk planning failures.",Generic world models and generic uncertainty are crowded.,Embodied model repair memory keeps action-critical alternatives explicit until a physical observation collapses them.
5,arxiv:2112.03227v4,CALVIN: A Benchmark for Language-Conditioned Policy Learning for Long-Horizon Robot Manipulation Tasks,2021,arXiv,http://arxiv.org/abs/2112.03227v4,Addresses adaptive world models for long-horizon robot tasks or a neighboring robotics mechanism.,"Prior work usually predicts, ranks, filters, or imitates observed behavior rather than preserving unrealized branches.",The observed outcome is enough to supervise the model.,"Contact mode support, embodiment limits, and deployment perturbations.","Branch collapse, hidden-mode shift, and tail-risk planning failures.",Generic world models and generic uncertainty are crowded.,Embodied model repair memory keeps action-critical alternatives explicit until a physical observation collapses them.
6,doi:10.1177/02783649241304789,FurnitureBench: Reproducible real-world benchmark for long-horizon complex manipulation,2025,The International Journal of Robotics Research,https://doi.org/10.1177/02783649241304789,Addresses adaptive world models for long-horizon robot tasks or a neighboring robotics mechanism.,"Prior work usually predicts, ranks, filters, or imitates observed behavior rather than preserving unrealized branches.",The observed outcome is enough to supervise the model.,"Contact mode support, embodiment limits, and deployment perturbations.","Branch collapse, hidden-mode shift, and tail-risk planning failures.",Generic world models and generic uncertainty are crowded.,Embodied model repair memory keeps action-critical alternatives explicit until a physical observation collapses them.
7,doi:10.20944/preprints202601.0910.v1,State Drift in Language-Conditioned Autonomous Agents: A Failure Mode of Long-Horizon Reasoning,,,https://doi.org/10.20944/preprints202601.0910.v1,Addresses adaptive world models for long-horizon robot tasks or a neighboring robotics mechanism.,"Prior work usually predicts, ranks, filters, or imitates observed behavior rather than preserving unrealized branches.",The observed outcome is enough to supervise the model.,"Contact mode support, embodiment limits, and deployment perturbations.","Branch collapse, hidden-mode shift, and tail-risk planning failures.",Generic world models and generic uncertainty are crowded.,Embodied model repair memory keeps action-critical alternatives explicit until a physical observation collapses them.
8,doi:10.1115/detc2025-169527,VLAG: Graph-Based Planning for Vision-Language-Action Models in Long Horizon Manipulation Tasks,2025,Volume 3A: 51st Design Automation Conference (DAC),https://doi.org/10.1115/detc2025-169527,Addresses adaptive world models for long-horizon robot tasks or a neighboring robotics mechanism.,"Prior work usually predicts, ranks, filters, or imitates observed behavior rather than preserving unrealized branches.",The observed outcome is enough to supervise the model.,"Contact mode support, embodiment limits, and deployment perturbations.","Branch collapse, hidden-mode shift, and tail-risk planning failures.",Generic world models and generic uncertainty are crowded.,Embodied model repair memory keeps action-critical alternatives explicit until a physical observation collapses them.
9,arxiv:2606.04355v1,Think Fast and Far: Long-Horizon Online POMDP Planning via Rapid State Sampling,2026,arXiv,http://arxiv.org/abs/2606.04355v1,Addresses adaptive world models for long-horizon robot tasks or a neighboring robotics mechanism.,"Prior work usually predicts, ranks, filters, or imitates observed behavior rather than preserving unrealized branches.",The observed outcome is enough to supervise the model.,"Contact mode support, embodiment limits, and deployment perturbations.","Branch collapse, hidden-mode shift, and tail-risk planning failures.",Generic world models and generic uncertainty are crowded.,Embodied model repair memory keeps action-critical alternatives explicit until a physical observation collapses them.
10,arxiv:2509.04731v3,Generative World Models of Tasks: LLM-Driven Hierarchical Scaffolding for Embodied Agents,2025,arXiv,http://arxiv.org/abs/2509.04731v3,Addresses adaptive world models for long-horizon robot tasks or a neighboring robotics mechanism.,"Prior work usually predicts, ranks, filters, or imitates observed behavior rather than preserving unrealized branches.",The observed outcome is enough to supervise the model.,"Contact mode support, embodiment limits, and deployment perturbations.","Branch collapse, hidden-mode shift, and tail-risk planning failures.",Generic world models and generic uncertainty are crowded.,Embodied model repair memory keeps action-critical alternatives explicit until a physical observation collapses them.
11,arxiv:2605.27589v1,What-If World: A Causal Benchmark for General World Models in Embodied Scenarios,2026,arXiv,http://arxiv.org/abs/2605.27589v1,Addresses adaptive world models for long-horizon robot tasks or a neighboring robotics mechanism.,"Prior work usually predicts, ranks, filters, or imitates observed behavior rather than preserving unrealized branches.",The observed outcome is enough to supervise the model.,"Contact mode support, embodiment limits, and deployment perturbations.","Branch collapse, hidden-mode shift, and tail-risk planning failures.",Generic world models and generic uncertainty are crowded.,Embodied model repair memory keeps action-critical alternatives explicit until a physical observation collapses them.
12,doi:10.1609/aaai.v40i5.37337,Rethinking Progression of Memory State in Robotic Manipulation: An Object-Centric Perspective,2026,Proceedings of the AAAI Conference on Artificial Intelligence,https://doi.org/10.1609/aaai.v40i5.37337,Addresses adaptive world models for long-horizon robot tasks or a neighboring robotics mechanism.,"Prior work usually predicts, ranks, filters, or imitates observed behavior rather than preserving unrealized branches.",The observed outcome is enough to supervise the model.,"Contact mode support, embodiment limits, and deployment perturbations.","Branch collapse, hidden-mode shift, and tail-risk planning failures.",Generic world models and generic uncertainty are crowded.,Embodied model repair memory keeps action-critical alternatives explicit until a physical observation collapses them.
13,doi:10.1016/j.autcon.2022.104691,To imitate or not to imitate: Boosting reinforcement learning-based construction robotic control for long-horizon tasks using virtual demonstrations,2022,Automation in Construction,https://doi.org/10.1016/j.autcon.2022.104691,Addresses adaptive world models for long-horizon robot tasks or a neighboring robotics mechanism.,"Prior work usually predicts, ranks, filters, or imitates observed behavior rather than preserving unrealized branches.",The observed outcome is enough to supervise the model.,"Contact mode support, embodiment limits, and deployment perturbations.","Branch collapse, hidden-mode shift, and tail-risk planning failures.",Generic world models and generic uncertainty are crowded.,Embodied model repair memory keeps action-critical alternatives explicit until a physical observation collapses them.
14,arxiv:2411.11844v3,Generative World Explorer,2024,arXiv,http://arxiv.org/abs/2411.11844v3,Addresses adaptive world models for long-horizon robot tasks or a neighboring robotics mechanism.,"Prior work usually predicts, ranks, filters, or imitates observed behavior rather than preserving unrealized branches.",The observed outcome is enough to supervise the model.,"Contact mode support, embodiment limits, and deployment perturbations.","Branch collapse, hidden-mode shift, and tail-risk planning failures.",Generic world models and generic uncertainty are crowded.,Embodied model repair memory keeps action-critical alternatives explicit until a physical observation collapses them.
15,doi:10.1093/eurheartj/ehaf784.1288,SGLT2i and ARNI improve long-term heart failure outcomes: a multi-state model analysis from a real-world southeast asian cohort,2025,European Heart Journal,https://doi.org/10.1093/eurheartj/ehaf784.1288,Addresses adaptive world models for long-horizon robot tasks or a neighboring robotics mechanism.,"Prior work usually predicts, ranks, filters, or imitates observed behavior rather than preserving unrealized branches.",The observed outcome is enough to supervise the model.,"Contact mode support, embodiment limits, and deployment perturbations.","Branch collapse, hidden-mode shift, and tail-risk planning failures.",Generic world models and generic uncertainty are crowded.,Embodied model repair memory keeps action-critical alternatives explicit until a physical observation collapses them.
16,arxiv:2603.11558v3,RoboClaw: An Agentic Framework for Scalable Long-Horizon Robotic Tasks,2026,arXiv,http://arxiv.org/abs/2603.11558v3,Addresses adaptive world models for long-horizon robot tasks or a neighboring robotics mechanism.,"Prior work usually predicts, ranks, filters, or imitates observed behavior rather than preserving unrealized branches.",The observed outcome is enough to supervise the model.,"Contact mode support, embodiment limits, and deployment perturbations.","Branch collapse, hidden-mode shift, and tail-risk planning failures.",Generic world models and generic uncertainty are crowded.,Embodied model repair memory keeps action-critical alternatives explicit until a physical observation collapses them.
17,doi:10.1109/lra.2023.3265893,ERRA: An Embodied Representation and Reasoning Architecture for Long-Horizon Language-Conditioned Manipulation Tasks,2023,IEEE Robotics and Automation Letters,https://doi.org/10.1109/lra.2023.3265893,Addresses adaptive world models for long-horizon robot tasks or a neighboring robotics mechanism.,"Prior work usually predicts, ranks, filters, or imitates observed behavior rather than preserving unrealized branches.",The observed outcome is enough to supervise the model.,"Contact mode support, embodiment limits, and deployment perturbations.","Branch collapse, hidden-mode shift, and tail-risk planning failures.",Generic world models and generic uncertainty are crowded.,Embodied model repair memory keeps action-critical alternatives explicit until a physical observation collapses them.
18,doi:10.1109/iccv51701.2025.00643,"Towards Long-Horizon Vision-Language-Action System: Reasoning, Acting and Memory",2025,2025 IEEE/CVF International Conference on Computer Vision (ICCV),https://doi.org/10.1109/iccv51701.2025.00643,Addresses adaptive world models for long-horizon robot tasks or a neighboring robotics mechanism.,"Prior work usually predicts, ranks, filters, or imitates observed behavior rather than preserving unrealized branches.",The observed outcome is enough to supervise the model.,"Contact mode support, embodiment limits, and deployment perturbations.","Branch collapse, hidden-mode shift, and tail-risk planning failures.",Generic world models and generic uncertainty are crowded.,Embodied model repair memory keeps action-critical alternatives explicit until a physical observation collapses them.
19,arxiv:2508.04384v1,Incorporating Stochastic Models of Controller Behavior into Kinodynamic Efficiently Adaptive State Lattices for Mobile Robot Motion Planning in Off-Road Environments,2025,arXiv,http://arxiv.org/abs/2508.04384v1,Addresses adaptive world models for long-horizon robot tasks or a neighboring robotics mechanism.,"Prior work usually predicts, ranks, filters, or imitates observed behavior rather than preserving unrealized branches.",The observed outcome is enough to supervise the model.,"Contact mode support, embodiment limits, and deployment perturbations.","Branch collapse, hidden-mode shift, and tail-risk planning failures.",Generic world models and generic uncertainty are crowded.,Embodied model repair memory keeps action-critical alternatives explicit until a physical observation collapses them.
20,arxiv:2501.06605v3,RoboHorizon: An LLM-Assisted Multi-View World Model for Long-Horizon Robotic Manipulation,2025,arXiv,http://arxiv.org/abs/2501.06605v3,Addresses adaptive world models for long-horizon robot tasks or a neighboring robotics mechanism.,"Prior work usually predicts, ranks, filters, or imitates observed behavior rather than preserving unrealized branches.",The observed outcome is enough to supervise the model.,"Contact mode support, embodiment limits, and deployment perturbations.","Branch collapse, hidden-mode shift, and tail-risk planning failures.",Generic world models and generic uncertainty are crowded.,Embodied model repair memory keeps action-critical alternatives explicit until a physical observation collapses them.
21,arxiv:2509.01746v1,Fail2Progress: Learning from Real-World Robot Failures with Stein Variational Inference,2025,arXiv,http://arxiv.org/abs/2509.01746v1,Addresses adaptive world models for long-horizon robot tasks or a neighboring robotics mechanism.,"Prior work usually predicts, ranks, filters, or imitates observed behavior rather than preserving unrealized branches.",The observed outcome is enough to supervise the model.,"Contact mode support, embodiment limits, and deployment perturbations.","Branch collapse, hidden-mode shift, and tail-risk planning failures.",Generic world models and generic uncertainty are crowded.,Embodied model repair memory keeps action-critical alternatives explicit until a physical observation collapses them.
22,doi:10.1007/s10846-024-02049-8,State-Dependent Maximum Entropy Reinforcement Learning for Robot Long-Horizon Task Learning,2024,Journal of Intelligent & Robotic Systems,https://doi.org/10.1007/s10846-024-02049-8,Addresses adaptive world models for long-horizon robot tasks or a neighboring robotics mechanism.,"Prior work usually predicts, ranks, filters, or imitates observed behavior rather than preserving unrealized branches.",The observed outcome is enough to supervise the model.,"Contact mode support, embodiment limits, and deployment perturbations.","Branch collapse, hidden-mode shift, and tail-risk planning failures.",Generic world models and generic uncertainty are crowded.,Embodied model repair memory keeps action-critical alternatives explicit until a physical observation collapses them.
23,arxiv:2605.08434v2,Failing Forward: Adaptive Failure-Informed Learning for Vision-Language-Action Models,2026,arXiv,http://arxiv.org/abs/2605.08434v2,Addresses adaptive world models for long-horizon robot tasks or a neighboring robotics mechanism.,"Prior work usually predicts, ranks, filters, or imitates observed behavior rather than preserving unrealized branches.",The observed outcome is enough to supervise the model.,"Contact mode support, embodiment limits, and deployment perturbations.","Branch collapse, hidden-mode shift, and tail-risk planning failures.",Generic world models and generic uncertainty are crowded.,Embodied model repair memory keeps action-critical alternatives explicit until a physical observation collapses them.
24,doi:10.1016/j.knosys.2025.113261,RRT*-enhanced long-horizon path planning for AUV adaptive sampling using a cost valley,2025,Knowledge-Based Systems,https://doi.org/10.1016/j.knosys.2025.113261,Addresses adaptive world models for long-horizon robot tasks or a neighboring robotics mechanism.,"Prior work usually predicts, ranks, filters, or imitates observed behavior rather than preserving unrealized branches.",The observed outcome is enough to supervise the model.,"Contact mode support, embodiment limits, and deployment perturbations.","Branch collapse, hidden-mode shift, and tail-risk planning failures.",Generic world models and generic uncertainty are crowded.,Embodied model repair memory keeps action-critical alternatives explicit until a physical observation collapses them.
25,doi:10.20944/preprints202603.0362.v1,Context-Rich Adaptive Embodied Agents: Enhancing LLM-Powered Task Planning and Memory in Home Robotics,,,https://doi.org/10.20944/preprints202603.0362.v1,Addresses adaptive world models for long-horizon robot tasks or a neighboring robotics mechanism.,"Prior work usually predicts, ranks, filters, or imitates observed behavior rather than preserving unrealized branches.",The observed outcome is enough to supervise the model.,"Contact mode support, embodiment limits, and deployment perturbations.","Branch collapse, hidden-mode shift, and tail-risk planning failures.",Generic world models and generic uncertainty are crowded.,Embodied model repair memory keeps action-critical alternatives explicit until a physical observation collapses them.
26,doi:10.1109/iros58592.2024.10801687,Task Planning for Long-Horizon Cooking Tasks Based on Large Language Models,2024,2024 IEEE/RSJ International Conference on Intelligent Robots and Systems (IROS),https://doi.org/10.1109/iros58592.2024.10801687,Addresses adaptive world models for long-horizon robot tasks or a neighboring robotics mechanism.,"Prior work usually predicts, ranks, filters, or imitates observed behavior rather than preserving unrealized branches.",The observed outcome is enough to supervise the model.,"Contact mode support, embodiment limits, and deployment perturbations.","Branch collapse, hidden-mode shift, and tail-risk planning failures.",Generic world models and generic uncertainty are crowded.,Embodied model repair memory keeps action-critical alternatives explicit until a physical observation collapses them.
27,arxiv:2606.07089v1,Dreaming when Necessary: Advancing World Action Models with Adaptive Multi-Modal Reasoning,2026,arXiv,http://arxiv.org/abs/2606.07089v1,Addresses adaptive world models for long-horizon robot tasks or a neighboring robotics mechanism.,"Prior work usually predicts, ranks, filters, or imitates observed behavior rather than preserving unrealized branches.",The observed outcome is enough to supervise the model.,"Contact mode support, embodiment limits, and deployment perturbations.","Branch collapse, hidden-mode shift, and tail-risk planning failures.",Generic world models and generic uncertainty are crowded.,Embodied model repair memory keeps action-critical alternatives explicit until a physical observation collapses them.
28,arxiv:2505.05495v1,Learning 3D Persistent Embodied World Models,2025,arXiv,http://arxiv.org/abs/2505.05495v1,Addresses adaptive world models for long-horizon robot tasks or a neighboring robotics mechanism.,"Prior work usually predicts, ranks, filters, or imitates observed behavior rather than preserving unrealized branches.",The observed outcome is enough to supervise the model.,"Contact mode support, embodiment limits, and deployment perturbations.","Branch collapse, hidden-mode shift, and tail-risk planning failures.",Generic world models and generic uncertainty are crowded.,Embodied model repair memory keeps action-critical alternatives explicit until a physical observation collapses them.
29,arxiv:2509.26255v3,ExoPredicator: Learning Abstract Models of Dynamic Worlds for Robot Planning,2025,arXiv,http://arxiv.org/abs/2509.26255v3,Addresses adaptive world models for long-horizon robot tasks or a neighboring robotics mechanism.,"Prior work usually predicts, ranks, filters, or imitates observed behavior rather than preserving unrealized branches.",The observed outcome is enough to supervise the model.,"Contact mode support, embodiment limits, and deployment perturbations.","Branch collapse, hidden-mode shift, and tail-risk planning failures.",Generic world models and generic uncertainty are crowded.,Embodied model repair memory keeps action-critical alternatives explicit until a physical observation collapses them.
30,doi:10.1109/tase.2021.3127574,A Framework of Robot Skill Learning From Complex and Long-Horizon Tasks,2021,IEEE Transactions on Automation Science and Engineering,https://doi.org/10.1109/tase.2021.3127574,Addresses adaptive world models for long-horizon robot tasks or a neighboring robotics mechanism.,"Prior work usually predicts, ranks, filters, or imitates observed behavior rather than preserving unrealized branches.",The observed outcome is enough to supervise the model.,"Contact mode support, embodiment limits, and deployment perturbations.","Branch collapse, hidden-mode shift, and tail-risk planning failures.",Generic world models and generic uncertainty are crowded.,Embodied model repair memory keeps action-critical alternatives explicit until a physical observation collapses them.
31,doi:10.1109/tase.2026.3687369,IEI-TIA: Industrial Embodied Intelligence Trustworthy Interpretable Agent for Robotic Long-Horizon and Repetitive Tasks,2026,IEEE Transactions on Automation Science and Engineering,https://doi.org/10.1109/tase.2026.3687369,Addresses adaptive world models for long-horizon robot tasks or a neighboring robotics mechanism.,"Prior work usually predicts, ranks, filters, or imitates observed behavior rather than preserving unrealized branches.",The observed outcome is enough to supervise the model.,"Contact mode support, embodiment limits, and deployment perturbations.","Branch collapse, hidden-mode shift, and tail-risk planning failures.",Generic world models and generic uncertainty are crowded.,Embodied model repair memory keeps action-critical alternatives explicit until a physical observation collapses them.
32,doi:10.1163/9789004395169_009,The Event Horizon Model and Long-Term Memory,2020,"Ten Lectures on the Representation of Events in Language, Perception, Memory, and Action Control",https://doi.org/10.1163/9789004395169_009,Addresses adaptive world models for long-horizon robot tasks or a neighboring robotics mechanism.,"Prior work usually predicts, ranks, filters, or imitates observed behavior rather than preserving unrealized branches.",The observed outcome is enough to supervise the model.,"Contact mode support, embodiment limits, and deployment perturbations.","Branch collapse, hidden-mode shift, and tail-risk planning failures.",Generic world models and generic uncertainty are crowded.,Embodied model repair memory keeps action-critical alternatives explicit until a physical observation collapses them.
33,doi:10.3390/brainsci10020058,The Role of Emotional Landmarks in Embodied and Not-Embodied Tasks,2020,Brain Sciences,https://doi.org/10.3390/brainsci10020058,Addresses adaptive world models for long-horizon robot tasks or a neighboring robotics mechanism.,"Prior work usually predicts, ranks, filters, or imitates observed behavior rather than preserving unrealized branches.",The observed outcome is enough to supervise the model.,"Contact mode support, embodiment limits, and deployment perturbations.","Branch collapse, hidden-mode shift, and tail-risk planning failures.",Generic world models and generic uncertainty are crowded.,Embodied model repair memory keeps action-critical alternatives explicit until a physical observation collapses them.
34,arxiv:2606.09811v1,AHA-WAM:Asynchronous Horizon-Adaptive World-Action Modeling with Observation-Guided Context Routing,2026,arXiv,http://arxiv.org/abs/2606.09811v1,Addresses adaptive world models for long-horizon robot tasks or a neighboring robotics mechanism.,"Prior work usually predicts, ranks, filters, or imitates observed behavior rather than preserving unrealized branches.",The observed outcome is enough to supervise the model.,"Contact mode support, embodiment limits, and deployment perturbations.","Branch collapse, hidden-mode shift, and tail-risk planning failures.",Generic world models and generic uncertainty are crowded.,Embodied model repair memory keeps action-critical alternatives explicit until a physical observation collapses them.
35,arxiv:2507.16713v2,A Pragmatist Robot: Learning to Plan Tasks by Experiencing the Real World,2025,arXiv,http://arxiv.org/abs/2507.16713v2,Addresses adaptive world models for long-horizon robot tasks or a neighboring robotics mechanism.,"Prior work usually predicts, ranks, filters, or imitates observed behavior rather than preserving unrealized branches.",The observed outcome is enough to supervise the model.,"Contact mode support, embodiment limits, and deployment perturbations.","Branch collapse, hidden-mode shift, and tail-risk planning failures.",Generic world models and generic uncertainty are crowded.,Embodied model repair memory keeps action-critical alternatives explicit until a physical observation collapses them.
36,arxiv:2604.07430v1,HY-Embodied-0.5: Embodied Foundation Models for Real-World Agents,2026,arXiv,http://arxiv.org/abs/2604.07430v1,Addresses adaptive world models for long-horizon robot tasks or a neighboring robotics mechanism.,"Prior work usually predicts, ranks, filters, or imitates observed behavior rather than preserving unrealized branches.",The observed outcome is enough to supervise the model.,"Contact mode support, embodiment limits, and deployment perturbations.","Branch collapse, hidden-mode shift, and tail-risk planning failures.",Generic world models and generic uncertainty are crowded.,Embodied model repair memory keeps action-critical alternatives explicit until a physical observation collapses them.
37,doi:10.20944/preprints202604.2037.v1,Robots That Last: Long-Horizon Robotics Should Optimize Persistent Autonomy,,,https://doi.org/10.20944/preprints202604.2037.v1,Addresses adaptive world models for long-horizon robot tasks or a neighboring robotics mechanism.,"Prior work usually predicts, ranks, filters, or imitates observed behavior rather than preserving unrealized branches.",The observed outcome is enough to supervise the model.,"Contact mode support, embodiment limits, and deployment perturbations.","Branch collapse, hidden-mode shift, and tail-risk planning failures.",Generic world models and generic uncertainty are crowded.,Embodied model repair memory keeps action-critical alternatives explicit until a physical observation collapses them.
38,doi:10.3390/electronics15010061,A Hierarchical Predictive-Adaptive Control Framework for State-of-Charge Balancing in Mini-Grids Using Deep Reinforcement Learning,2025,Electronics,https://doi.org/10.3390/electronics15010061,Addresses adaptive world models for long-horizon robot tasks or a neighboring robotics mechanism.,"Prior work usually predicts, ranks, filters, or imitates observed behavior rather than preserving unrealized branches.",The observed outcome is enough to supervise the model.,"Contact mode support, embodiment limits, and deployment perturbations.","Branch collapse, hidden-mode shift, and tail-risk planning failures.",Generic world models and generic uncertainty are crowded.,Embodied model repair memory keeps action-critical alternatives explicit until a physical observation collapses them.
39,doi:10.55277/researchhub.6gsl1yjk,Persistent Memory as a Bottleneck in Long-Horizon Large Language Model Workflows,2026,,https://doi.org/10.55277/researchhub.6gsl1yjk,Addresses adaptive world models for long-horizon robot tasks or a neighboring robotics mechanism.,"Prior work usually predicts, ranks, filters, or imitates observed behavior rather than preserving unrealized branches.",The observed outcome is enough to supervise the model.,"Contact mode support, embodiment limits, and deployment perturbations.","Branch collapse, hidden-mode shift, and tail-risk planning failures.",Generic world models and generic uncertainty are crowded.,Embodied model repair memory keeps action-critical alternatives explicit until a physical observation collapses them.
40,arxiv:2602.11291v2,H-WM: Robotic Task and Motion Planning Guided by Hierarchical World Model,2026,arXiv,http://arxiv.org/abs/2602.11291v2,Addresses adaptive world models for long-horizon robot tasks or a neighboring robotics mechanism.,"Prior work usually predicts, ranks, filters, or imitates observed behavior rather than preserving unrealized branches.",The observed outcome is enough to supervise the model.,"Contact mode support, embodiment limits, and deployment perturbations.","Branch collapse, hidden-mode shift, and tail-risk planning failures.",Generic world models and generic uncertainty are crowded.,Embodied model repair memory keeps action-critical alternatives explicit until a physical observation collapses them.
41,doi:10.1038/s41598-025-20653-y,LLMs augmented hierarchical reinforcement learning with action primitives for long-horizon manipulation tasks,2025,Scientific Reports,https://doi.org/10.1038/s41598-025-20653-y,Addresses adaptive world models for long-horizon robot tasks or a neighboring robotics mechanism.,"Prior work usually predicts, ranks, filters, or imitates observed behavior rather than preserving unrealized branches.",The observed outcome is enough to supervise the model.,"Contact mode support, embodiment limits, and deployment perturbations.","Branch collapse, hidden-mode shift, and tail-risk planning failures.",Generic world models and generic uncertainty are crowded.,Embodied model repair memory keeps action-critical alternatives explicit until a physical observation collapses them.
42,arxiv:1912.13007v1,World Programs for Model-Based Learning and Planning in Compositional State and Action Spaces,2019,arXiv,http://arxiv.org/abs/1912.13007v1,Addresses adaptive world models for long-horizon robot tasks or a neighboring robotics mechanism.,"Prior work usually predicts, ranks, filters, or imitates observed behavior rather than preserving unrealized branches.",The observed outcome is enough to supervise the model.,"Contact mode support, embodiment limits, and deployment perturbations.","Branch collapse, hidden-mode shift, and tail-risk planning failures.",Generic world models and generic uncertainty are crowded.,Embodied model repair memory keeps action-critical alternatives explicit until a physical observation collapses them.
43,arxiv:2107.09822v3,Bayesian Controller Fusion: Leveraging Control Priors in Deep Reinforcement Learning for Robotics,2021,arXiv,http://arxiv.org/abs/2107.09822v3,Addresses adaptive world models for long-horizon robot tasks or a neighboring robotics mechanism.,"Prior work usually predicts, ranks, filters, or imitates observed behavior rather than preserving unrealized branches.",The observed outcome is enough to supervise the model.,"Contact mode support, embodiment limits, and deployment perturbations.","Branch collapse, hidden-mode shift, and tail-risk planning failures.",Generic world models and generic uncertainty are crowded.,Embodied model repair memory keeps action-critical alternatives explicit until a physical observation collapses them.
44,doi:10.3389/frobt.2025.1668910,"A review of embodied intelligence systems: a three-layer framework integrating multimodal perception, world modeling, and structured strategies",2025,Frontiers in Robotics and AI,https://doi.org/10.3389/frobt.2025.1668910,Addresses adaptive world models for long-horizon robot tasks or a neighboring robotics mechanism.,"Prior work usually predicts, ranks, filters, or imitates observed behavior rather than preserving unrealized branches.",The observed outcome is enough to supervise the model.,"Contact mode support, embodiment limits, and deployment perturbations.","Branch collapse, hidden-mode shift, and tail-risk planning failures.",Generic world models and generic uncertainty are crowded.,Embodied model repair memory keeps action-critical alternatives explicit until a physical observation collapses them.
45,doi:10.20944/preprints202606.0400.v1,Vision-Language-Action and Vision Language Models for Robot Manipulation: A Comprehensive Review Towards Real-World Applications,,,https://doi.org/10.20944/preprints202606.0400.v1,Addresses adaptive world models for long-horizon robot tasks or a neighboring robotics mechanism.,"Prior work usually predicts, ranks, filters, or imitates observed behavior rather than preserving unrealized branches.",The observed outcome is enough to supervise the model.,"Contact mode support, embodiment limits, and deployment perturbations.","Branch collapse, hidden-mode shift, and tail-risk planning failures.",Generic world models and generic uncertainty are crowded.,Embodied model repair memory keeps action-critical alternatives explicit until a physical observation collapses them.
46,doi:10.1002/rnc.5519,Learning model predictive control with long short‐term memory networks,2021,International Journal of Robust and Nonlinear Control,https://doi.org/10.1002/rnc.5519,Addresses adaptive world models for long-horizon robot tasks or a neighboring robotics mechanism.,"Prior work usually predicts, ranks, filters, or imitates observed behavior rather than preserving unrealized branches.",The observed outcome is enough to supervise the model.,"Contact mode support, embodiment limits, and deployment perturbations.","Branch collapse, hidden-mode shift, and tail-risk planning failures.",Generic world models and generic uncertainty are crowded.,Embodied model repair memory keeps action-critical alternatives explicit until a physical observation collapses them.
47,arxiv:2604.14732v2,World-Value-Action Model: Implicit Planning for Vision-Language-Action Systems,2026,arXiv,http://arxiv.org/abs/2604.14732v2,Addresses adaptive world models for long-horizon robot tasks or a neighboring robotics mechanism.,"Prior work usually predicts, ranks, filters, or imitates observed behavior rather than preserving unrealized branches.",The observed outcome is enough to supervise the model.,"Contact mode support, embodiment limits, and deployment perturbations.","Branch collapse, hidden-mode shift, and tail-risk planning failures.",Generic world models and generic uncertainty are crowded.,Embodied model repair memory keeps action-critical alternatives explicit until a physical observation collapses them.
48,arxiv:2011.08177v1,A Long Horizon Planning Framework for Manipulating Rigid Pointcloud Objects,2020,arXiv,http://arxiv.org/abs/2011.08177v1,Addresses adaptive world models for long-horizon robot tasks or a neighboring robotics mechanism.,"Prior work usually predicts, ranks, filters, or imitates observed behavior rather than preserving unrealized branches.",The observed outcome is enough to supervise the model.,"Contact mode support, embodiment limits, and deployment perturbations.","Branch collapse, hidden-mode shift, and tail-risk planning failures.",Generic world models and generic uncertainty are crowded.,Embodied model repair memory keeps action-critical alternatives explicit until a physical observation collapses them.
49,arxiv:2511.12149v1,AttackVLA: Benchmarking Adversarial and Backdoor Attacks on Vision-Language-Action Models,2025,arXiv,http://arxiv.org/abs/2511.12149v1,Addresses adaptive world models for long-horizon robot tasks or a neighboring robotics mechanism.,"Prior work usually predicts, ranks, filters, or imitates observed behavior rather than preserving unrealized branches.",The observed outcome is enough to supervise the model.,"Contact mode support, embodiment limits, and deployment perturbations.","Branch collapse, hidden-mode shift, and tail-risk planning failures.",Generic world models and generic uncertainty are crowded.,Embodied model repair memory keeps action-critical alternatives explicit until a physical observation collapses them.
50,doi:10.3389/frobt.2022.930486,A Modular Vision Language Navigation and Manipulation Framework for Long Horizon Compositional Tasks in Indoor Environment,2022,Frontiers in Robotics and AI,https://doi.org/10.3389/frobt.2022.930486,Addresses adaptive world models for long-horizon robot tasks or a neighboring robotics mechanism.,"Prior work usually predicts, ranks, filters, or imitates observed behavior rather than preserving unrealized branches.",The observed outcome is enough to supervise the model.,"Contact mode support, embodiment limits, and deployment perturbations.","Branch collapse, hidden-mode shift, and tail-risk planning failures.",Generic world models and generic uncertainty are crowded.,Embodied model repair memory keeps action-critical alternatives explicit until a physical observation collapses them.
51,doi:10.1177/0278364910386986,Motion planning under uncertainty for robotic tasks with long time horizons,2011,The International Journal of Robotics Research,https://doi.org/10.1177/0278364910386986,Addresses adaptive world models for long-horizon robot tasks or a neighboring robotics mechanism.,"Prior work usually predicts, ranks, filters, or imitates observed behavior rather than preserving unrealized branches.",The observed outcome is enough to supervise the model.,"Contact mode support, embodiment limits, and deployment perturbations.","Branch collapse, hidden-mode shift, and tail-risk planning failures.",Generic world models and generic uncertainty are crowded.,Embodied model repair memory keeps action-critical alternatives explicit until a physical observation collapses them.
52,doi:10.1109/tro.2022.3198020,Long-Horizon Multi-Robot Rearrangement Planning for Construction Assembly,2023,IEEE Transactions on Robotics,https://doi.org/10.1109/tro.2022.3198020,Addresses adaptive world models for long-horizon robot tasks or a neighboring robotics mechanism.,"Prior work usually predicts, ranks, filters, or imitates observed behavior rather than preserving unrealized branches.",The observed outcome is enough to supervise the model.,"Contact mode support, embodiment limits, and deployment perturbations.","Branch collapse, hidden-mode shift, and tail-risk planning failures.",Generic world models and generic uncertainty are crowded.,Embodied model repair memory keeps action-critical alternatives explicit until a physical observation collapses them.
53,doi:10.66967/jaics.2026.v2i103,Multimodal AI: PaLM-E’s Role in Vision–Language–Robotics & the Future of Efficient Fine-Tuning,2026,Journal of Artificial Intelligence & Control Systems,https://doi.org/10.66967/jaics.2026.v2i103,Addresses adaptive world models for long-horizon robot tasks or a neighboring robotics mechanism.,"Prior work usually predicts, ranks, filters, or imitates observed behavior rather than preserving unrealized branches.",The observed outcome is enough to supervise the model.,"Contact mode support, embodiment limits, and deployment perturbations.","Branch collapse, hidden-mode shift, and tail-risk planning failures.",Generic world models and generic uncertainty are crowded.,Embodied model repair memory keeps action-critical alternatives explicit until a physical observation collapses them.
54,arxiv:2507.01424v3,TriVLA: A Triple-System-Based Unified Vision-Language-Action Model with Episodic World Modeling for General Robot Control,2025,arXiv,http://arxiv.org/abs/2507.01424v3,Addresses adaptive world models for long-horizon robot tasks or a neighboring robotics mechanism.,"Prior work usually predicts, ranks, filters, or imitates observed behavior rather than preserving unrealized branches.",The observed outcome is enough to supervise the model.,"Contact mode support, embodiment limits, and deployment perturbations.","Branch collapse, hidden-mode shift, and tail-risk planning failures.",Generic world models and generic uncertainty are crowded.,Embodied model repair memory keeps action-critical alternatives explicit until a physical observation collapses them.
55,arxiv:2604.09580v1,OOWM: Structuring Embodied Reasoning and Planning via Object-Oriented Programmatic World Modeling,2026,arXiv,http://arxiv.org/abs/2604.09580v1,Addresses adaptive world models for long-horizon robot tasks or a neighboring robotics mechanism.,"Prior work usually predicts, ranks, filters, or imitates observed behavior rather than preserving unrealized branches.",The observed outcome is enough to supervise the model.,"Contact mode support, embodiment limits, and deployment perturbations.","Branch collapse, hidden-mode shift, and tail-risk planning failures.",Generic world models and generic uncertainty are crowded.,Embodied model repair memory keeps action-critical alternatives explicit until a physical observation collapses them.
56,arxiv:2511.05397v1,EveryDayVLA: A Vision-Language-Action Model for Affordable Robotic Manipulation,2025,arXiv,http://arxiv.org/abs/2511.05397v1,Addresses adaptive world models for long-horizon robot tasks or a neighboring robotics mechanism.,"Prior work usually predicts, ranks, filters, or imitates observed behavior rather than preserving unrealized branches.",The observed outcome is enough to supervise the model.,"Contact mode support, embodiment limits, and deployment perturbations.","Branch collapse, hidden-mode shift, and tail-risk planning failures.",Generic world models and generic uncertainty are crowded.,Embodied model repair memory keeps action-critical alternatives explicit until a physical observation collapses them.
57,doi:10.1177/01423312241262079,Model Predictive Control based on Long-Term Memory neural network model inversion,2025,Transactions of the Institute of Measurement and Control,https://doi.org/10.1177/01423312241262079,Addresses adaptive world models for long-horizon robot tasks or a neighboring robotics mechanism.,"Prior work usually predicts, ranks, filters, or imitates observed behavior rather than preserving unrealized branches.",The observed outcome is enough to supervise the model.,"Contact mode support, embodiment limits, and deployment perturbations.","Branch collapse, hidden-mode shift, and tail-risk planning failures.",Generic world models and generic uncertainty are crowded.,Embodied model repair memory keeps action-critical alternatives explicit until a physical observation collapses them.
58,doi:10.1109/icra55743.2025.11128705,Guiding Long-Horizon Task and Motion Planning with Vision Language Models,2025,2025 IEEE International Conference on Robotics and Automation (ICRA),https://doi.org/10.1109/icra55743.2025.11128705,Addresses adaptive world models for long-horizon robot tasks or a neighboring robotics mechanism.,"Prior work usually predicts, ranks, filters, or imitates observed behavior rather than preserving unrealized branches.",The observed outcome is enough to supervise the model.,"Contact mode support, embodiment limits, and deployment perturbations.","Branch collapse, hidden-mode shift, and tail-risk planning failures.",Generic world models and generic uncertainty are crowded.,Embodied model repair memory keeps action-critical alternatives explicit until a physical observation collapses them.
59,doi:10.18653/v1/2025.emnlp-industry.149,VestaBench: An Embodied Benchmark for Safe Long-Horizon Planning Under Multi-Constraint and Adversarial Settings,2025,Proceedings of the 2025 Conference on Empirical Methods in Natural Language Processing: Industry Track,https://doi.org/10.18653/v1/2025.emnlp-industry.149,Addresses adaptive world models for long-horizon robot tasks or a neighboring robotics mechanism.,"Prior work usually predicts, ranks, filters, or imitates observed behavior rather than preserving unrealized branches.",The observed outcome is enough to supervise the model.,"Contact mode support, embodiment limits, and deployment perturbations.","Branch collapse, hidden-mode shift, and tail-risk planning failures.",Generic world models and generic uncertainty are crowded.,Embodied model repair memory keeps action-critical alternatives explicit until a physical observation collapses them.
60,doi:10.1002/cav.2290,Nadine: A large language model‐driven intelligent social robot with affective capabilities and human‐like memory,2024,Computer Animation and Virtual Worlds,https://doi.org/10.1002/cav.2290,Addresses adaptive world models for long-horizon robot tasks or a neighboring robotics mechanism.,"Prior work usually predicts, ranks, filters, or imitates observed behavior rather than preserving unrealized branches.",The observed outcome is enough to supervise the model.,"Contact mode support, embodiment limits, and deployment perturbations.","Branch collapse, hidden-mode shift, and tail-risk planning failures.",Generic world models and generic uncertainty are crowded.,Embodied model repair memory keeps action-critical alternatives explicit until a physical observation collapses them.
61,doi:10.15607/rss.2023.xix.041,FurnitureBench: Reproducible Real-World Benchmark for Long-Horizon Complex Manipulation,2023,Robotics: Science and Systems XIX,https://doi.org/10.15607/rss.2023.xix.041,Addresses adaptive world models for long-horizon robot tasks or a neighboring robotics mechanism.,"Prior work usually predicts, ranks, filters, or imitates observed behavior rather than preserving unrealized branches.",The observed outcome is enough to supervise the model.,"Contact mode support, embodiment limits, and deployment perturbations.","Branch collapse, hidden-mode shift, and tail-risk planning failures.",Generic world models and generic uncertainty are crowded.,Embodied model repair memory keeps action-critical alternatives explicit until a physical observation collapses them.
62,arxiv:2605.27947v1,SANTS: A State-Adaptive Scheduler for World Action Models,2026,arXiv,http://arxiv.org/abs/2605.27947v1,Addresses adaptive world models for long-horizon robot tasks or a neighboring robotics mechanism.,"Prior work usually predicts, ranks, filters, or imitates observed behavior rather than preserving unrealized branches.",The observed outcome is enough to supervise the model.,"Contact mode support, embodiment limits, and deployment perturbations.","Branch collapse, hidden-mode shift, and tail-risk planning failures.",Generic world models and generic uncertainty are crowded.,Embodied model repair memory keeps action-critical alternatives explicit until a physical observation collapses them.
63,arxiv:2602.09022v1,WorldCompass: Reinforcement Learning for Long-Horizon World Models,2026,arXiv,http://arxiv.org/abs/2602.09022v1,Addresses adaptive world models for long-horizon robot tasks or a neighboring robotics mechanism.,"Prior work usually predicts, ranks, filters, or imitates observed behavior rather than preserving unrealized branches.",The observed outcome is enough to supervise the model.,"Contact mode support, embodiment limits, and deployment perturbations.","Branch collapse, hidden-mode shift, and tail-risk planning failures.",Generic world models and generic uncertainty are crowded.,Embodied model repair memory keeps action-critical alternatives explicit until a physical observation collapses them.
64,doi:10.2139/ssrn.6233079,VLM-DEWM: Dynamic External World Model for Verifiable and Resilient Vision-Language Planning in Complex Engineering Environments,,,https://doi.org/10.2139/ssrn.6233079,Addresses adaptive world models for long-horizon robot tasks or a neighboring robotics mechanism.,"Prior work usually predicts, ranks, filters, or imitates observed behavior rather than preserving unrealized branches.",The observed outcome is enough to supervise the model.,"Contact mode support, embodiment limits, and deployment perturbations.","Branch collapse, hidden-mode shift, and tail-risk planning failures.",Generic world models and generic uncertainty are crowded.,Embodied model repair memory keeps action-critical alternatives explicit until a physical observation collapses them.
65,doi:10.24963/ijcai.2025/97,External Memory Matters: Generalizable Object-Action Memory for Retrieval-Augmented Long-Term Video Understanding,2025,Proceedings of the Thirty-Fourth International Joint Conference on Artificial Intelligence,https://doi.org/10.24963/ijcai.2025/97,Addresses adaptive world models for long-horizon robot tasks or a neighboring robotics mechanism.,"Prior work usually predicts, ranks, filters, or imitates observed behavior rather than preserving unrealized branches.",The observed outcome is enough to supervise the model.,"Contact mode support, embodiment limits, and deployment perturbations.","Branch collapse, hidden-mode shift, and tail-risk planning failures.",Generic world models and generic uncertainty are crowded.,Embodied model repair memory keeps action-critical alternatives explicit until a physical observation collapses them.
66,doi:10.1109/lra.2022.3180108,CALVIN: A Benchmark for Language-Conditioned Policy Learning for Long-Horizon Robot Manipulation Tasks,2022,IEEE Robotics and Automation Letters,https://doi.org/10.1109/lra.2022.3180108,Addresses adaptive world models for long-horizon robot tasks or a neighboring robotics mechanism.,"Prior work usually predicts, ranks, filters, or imitates observed behavior rather than preserving unrealized branches.",The observed outcome is enough to supervise the model.,"Contact mode support, embodiment limits, and deployment perturbations.","Branch collapse, hidden-mode shift, and tail-risk planning failures.",Generic world models and generic uncertainty are crowded.,Embodied model repair memory keeps action-critical alternatives explicit until a physical observation collapses them.
67,arxiv:2511.17889v1,MobileVLA-R1: Reinforcing Vision-Language-Action for Mobile Robots,2025,arXiv,http://arxiv.org/abs/2511.17889v1,Addresses adaptive world models for long-horizon robot tasks or a neighboring robotics mechanism.,"Prior work usually predicts, ranks, filters, or imitates observed behavior rather than preserving unrealized branches.",The observed outcome is enough to supervise the model.,"Contact mode support, embodiment limits, and deployment perturbations.","Branch collapse, hidden-mode shift, and tail-risk planning failures.",Generic world models and generic uncertainty are crowded.,Embodied model repair memory keeps action-critical alternatives explicit until a physical observation collapses them.
68,doi:10.1109/icra57147.2024.10610065,ISR-LLM: Iterative Self-Refined Large Language Model for Long-Horizon Sequential Task Planning,2024,2024 IEEE International Conference on Robotics and Automation (ICRA),https://doi.org/10.1109/icra57147.2024.10610065,Addresses adaptive world models for long-horizon robot tasks or a neighboring robotics mechanism.,"Prior work usually predicts, ranks, filters, or imitates observed behavior rather than preserving unrealized branches.",The observed outcome is enough to supervise the model.,"Contact mode support, embodiment limits, and deployment perturbations.","Branch collapse, hidden-mode shift, and tail-risk planning failures.",Generic world models and generic uncertainty are crowded.,Embodied model repair memory keeps action-critical alternatives explicit until a physical observation collapses them.
69,arxiv:2504.21716v1,LLM-Empowered Embodied Agent for Memory-Augmented Task Planning in Household Robotics,2025,arXiv,http://arxiv.org/abs/2504.21716v1,Addresses adaptive world models for long-horizon robot tasks or a neighboring robotics mechanism.,"Prior work usually predicts, ranks, filters, or imitates observed behavior rather than preserving unrealized branches.",The observed outcome is enough to supervise the model.,"Contact mode support, embodiment limits, and deployment perturbations.","Branch collapse, hidden-mode shift, and tail-risk planning failures.",Generic world models and generic uncertainty are crowded.,Embodied model repair memory keeps action-critical alternatives explicit until a physical observation collapses them.
70,doi:10.1145/3583136,Recent Trends in Task and Motion Planning for Robotics: A Survey,2023,ACM Computing Surveys,https://doi.org/10.1145/3583136,Addresses adaptive world models for long-horizon robot tasks or a neighboring robotics mechanism.,"Prior work usually predicts, ranks, filters, or imitates observed behavior rather than preserving unrealized branches.",The observed outcome is enough to supervise the model.,"Contact mode support, embodiment limits, and deployment perturbations.","Branch collapse, hidden-mode shift, and tail-risk planning failures.",Generic world models and generic uncertainty are crowded.,Embodied model repair memory keeps action-critical alternatives explicit until a physical observation collapses them.
71,doi:10.1049/sil2.12044,A new adaptive fuzzy hybrid unscented Kalman/H‐infinity filter for state estimating dynamical systems,2021,IET Signal Processing,https://doi.org/10.1049/sil2.12044,Addresses adaptive world models for long-horizon robot tasks or a neighboring robotics mechanism.,"Prior work usually predicts, ranks, filters, or imitates observed behavior rather than preserving unrealized branches.",The observed outcome is enough to supervise the model.,"Contact mode support, embodiment limits, and deployment perturbations.","Branch collapse, hidden-mode shift, and tail-risk planning failures.",Generic world models and generic uncertainty are crowded.,Embodied model repair memory keeps action-critical alternatives explicit until a physical observation collapses them.
72,doi:10.11591/eei.v14i4.9487,Adaptive fuzzy sliding-mode control for robot manipulator with uncertain model and external disturbance,2025,Bulletin of Electrical Engineering and Informatics,https://doi.org/10.11591/eei.v14i4.9487,Addresses adaptive world models for long-horizon robot tasks or a neighboring robotics mechanism.,"Prior work usually predicts, ranks, filters, or imitates observed behavior rather than preserving unrealized branches.",The observed outcome is enough to supervise the model.,"Contact mode support, embodiment limits, and deployment perturbations.","Branch collapse, hidden-mode shift, and tail-risk planning failures.",Generic world models and generic uncertainty are crowded.,Embodied model repair memory keeps action-critical alternatives explicit until a physical observation collapses them.
73,doi:10.1155/2011/506245,An Adaptive Memory Model for Long-Term Navigation of Autonomous Mobile Robots,2011,Journal of Robotics,https://doi.org/10.1155/2011/506245,Addresses adaptive world models for long-horizon robot tasks or a neighboring robotics mechanism.,"Prior work usually predicts, ranks, filters, or imitates observed behavior rather than preserving unrealized branches.",The observed outcome is enough to supervise the model.,"Contact mode support, embodiment limits, and deployment perturbations.","Branch collapse, hidden-mode shift, and tail-risk planning failures.",Generic world models and generic uncertainty are crowded.,Embodied model repair memory keeps action-critical alternatives explicit until a physical observation collapses them.
74,doi:10.3390/app16062842,Energy-Efficient Motion Planning for Repetitive Industrial Tasks: An Adaptive Obstacle Modeling Approach,2026,Applied Sciences,https://doi.org/10.3390/app16062842,Addresses adaptive world models for long-horizon robot tasks or a neighboring robotics mechanism.,"Prior work usually predicts, ranks, filters, or imitates observed behavior rather than preserving unrealized branches.",The observed outcome is enough to supervise the model.,"Contact mode support, embodiment limits, and deployment perturbations.","Branch collapse, hidden-mode shift, and tail-risk planning failures.",Generic world models and generic uncertainty are crowded.,Embodied model repair memory keeps action-critical alternatives explicit until a physical observation collapses them.
75,arxiv:2512.08188v1,Embodied Tree of Thoughts: Deliberate Manipulation Planning with Embodied World Model,2025,arXiv,http://arxiv.org/abs/2512.08188v1,Addresses adaptive world models for long-horizon robot tasks or a neighboring robotics mechanism.,"Prior work usually predicts, ranks, filters, or imitates observed behavior rather than preserving unrealized branches.",The observed outcome is enough to supervise the model.,"Contact mode support, embodiment limits, and deployment perturbations.","Branch collapse, hidden-mode shift, and tail-risk planning failures.",Generic world models and generic uncertainty are crowded.,Embodied model repair memory keeps action-critical alternatives explicit until a physical observation collapses them.
76,arxiv:2604.05831v1,BiCoord: A Bimanual Manipulation Benchmark towards Long-Horizon Spatial-Temporal Coordination,2026,arXiv,http://arxiv.org/abs/2604.05831v1,Addresses adaptive world models for long-horizon robot tasks or a neighboring robotics mechanism.,"Prior work usually predicts, ranks, filters, or imitates observed behavior rather than preserving unrealized branches.",The observed outcome is enough to supervise the model.,"Contact mode support, embodiment limits, and deployment perturbations.","Branch collapse, hidden-mode shift, and tail-risk planning failures.",Generic world models and generic uncertainty are crowded.,Embodied model repair memory keeps action-critical alternatives explicit until a physical observation collapses them.
77,arxiv:2511.14659v1,NORA-1.5: A Vision-Language-Action Model Trained using World Model- and Action-based Preference Rewards,2025,arXiv,http://arxiv.org/abs/2511.14659v1,Addresses adaptive world models for long-horizon robot tasks or a neighboring robotics mechanism.,"Prior work usually predicts, ranks, filters, or imitates observed behavior rather than preserving unrealized branches.",The observed outcome is enough to supervise the model.,"Contact mode support, embodiment limits, and deployment perturbations.","Branch collapse, hidden-mode shift, and tail-risk planning failures.",Generic world models and generic uncertainty are crowded.,Embodied model repair memory keeps action-critical alternatives explicit until a physical observation collapses them.
78,doi:10.1038/s42256-025-01005-x,Embodied large language models enable robots to complete complex tasks in unpredictable environments,2025,Nature Machine Intelligence,https://doi.org/10.1038/s42256-025-01005-x,Addresses adaptive world models for long-horizon robot tasks or a neighboring robotics mechanism.,"Prior work usually predicts, ranks, filters, or imitates observed behavior rather than preserving unrealized branches.",The observed outcome is enough to supervise the model.,"Contact mode support, embodiment limits, and deployment perturbations.","Branch collapse, hidden-mode shift, and tail-risk planning failures.",Generic world models and generic uncertainty are crowded.,Embodied model repair memory keeps action-critical alternatives explicit until a physical observation collapses them.
79,arxiv:2502.00396v2,"Dexterous Cable Manipulation: Taxonomy, Multi-Fingered Hand Design, and Long-Horizon Manipulation",2025,arXiv,http://arxiv.org/abs/2502.00396v2,Addresses adaptive world models for long-horizon robot tasks or a neighboring robotics mechanism.,"Prior work usually predicts, ranks, filters, or imitates observed behavior rather than preserving unrealized branches.",The observed outcome is enough to supervise the model.,"Contact mode support, embodiment limits, and deployment perturbations.","Branch collapse, hidden-mode shift, and tail-risk planning failures.",Generic world models and generic uncertainty are crowded.,Embodied model repair memory keeps action-critical alternatives explicit until a physical observation collapses them.
80,doi:10.1038/s42256-021-00320-3,Real-world embodied AI through a morphologically adaptive quadruped robot,2021,Nature Machine Intelligence,https://doi.org/10.1038/s42256-021-00320-3,Addresses adaptive world models for long-horizon robot tasks or a neighboring robotics mechanism.,"Prior work usually predicts, ranks, filters, or imitates observed behavior rather than preserving unrealized branches.",The observed outcome is enough to supervise the model.,"Contact mode support, embodiment limits, and deployment perturbations.","Branch collapse, hidden-mode shift, and tail-risk planning failures.",Generic world models and generic uncertainty are crowded.,Embodied model repair memory keeps action-critical alternatives explicit until a physical observation collapses them.
81,doi:10.1016/j.ress.2022.108920,Improved anti-noise adaptive long short-term memory neural network modeling for the robust remaining useful life prediction of lithium-ion batteries,2022,Reliability Engineering & System Safety,https://doi.org/10.1016/j.ress.2022.108920,Addresses adaptive world models for long-horizon robot tasks or a neighboring robotics mechanism.,"Prior work usually predicts, ranks, filters, or imitates observed behavior rather than preserving unrealized branches.",The observed outcome is enough to supervise the model.,"Contact mode support, embodiment limits, and deployment perturbations.","Branch collapse, hidden-mode shift, and tail-risk planning failures.",Generic world models and generic uncertainty are crowded.,Embodied model repair memory keeps action-critical alternatives explicit until a physical observation collapses them.
82,doi:10.1016/j.energy.2023.128677,Improved singular filtering-Gaussian process regression-long short-term memory model for whole-life-cycle remaining capacity estimation of lithium-ion batteries adaptive to fast aging and multi-current variations,2023,Energy,https://doi.org/10.1016/j.energy.2023.128677,Addresses adaptive world models for long-horizon robot tasks or a neighboring robotics mechanism.,"Prior work usually predicts, ranks, filters, or imitates observed behavior rather than preserving unrealized branches.",The observed outcome is enough to supervise the model.,"Contact mode support, embodiment limits, and deployment perturbations.","Branch collapse, hidden-mode shift, and tail-risk planning failures.",Generic world models and generic uncertainty are crowded.,Embodied model repair memory keeps action-critical alternatives explicit until a physical observation collapses them.
83,doi:10.1080/01691864.2024.2407136,Real-World Cooking Robot System from Recipes Based on Food State Recognition Using Foundation Models and PDDL,2024,arXiv,http://arxiv.org/abs/2410.02874v2,Addresses adaptive world models for long-horizon robot tasks or a neighboring robotics mechanism.,"Prior work usually predicts, ranks, filters, or imitates observed behavior rather than preserving unrealized branches.",The observed outcome is enough to supervise the model.,"Contact mode support, embodiment limits, and deployment perturbations.","Branch collapse, hidden-mode shift, and tail-risk planning failures.",Generic world models and generic uncertainty are crowded.,Embodied model repair memory keeps action-critical alternatives explicit until a physical observation collapses them.
84,arxiv:2411.18201v1,Learning for Long-Horizon Planning via Neuro-Symbolic Abductive Imitation,2024,arXiv,http://arxiv.org/abs/2411.18201v1,Addresses adaptive world models for long-horizon robot tasks or a neighboring robotics mechanism.,"Prior work usually predicts, ranks, filters, or imitates observed behavior rather than preserving unrealized branches.",The observed outcome is enough to supervise the model.,"Contact mode support, embodiment limits, and deployment perturbations.","Branch collapse, hidden-mode shift, and tail-risk planning failures.",Generic world models and generic uncertainty are crowded.,Embodied model repair memory keeps action-critical alternatives explicit until a physical observation collapses them.
85,doi:10.1038/s41539-025-00373-8,Motor learning mechanisms are not modified by feedback manipulations in a real-world task,2025,npj Science of Learning,https://doi.org/10.1038/s41539-025-00373-8,Addresses adaptive world models for long-horizon robot tasks or a neighboring robotics mechanism.,"Prior work usually predicts, ranks, filters, or imitates observed behavior rather than preserving unrealized branches.",The observed outcome is enough to supervise the model.,"Contact mode support, embodiment limits, and deployment perturbations.","Branch collapse, hidden-mode shift, and tail-risk planning failures.",Generic world models and generic uncertainty are crowded.,Embodied model repair memory keeps action-critical alternatives explicit until a physical observation collapses them.
86,doi:10.1016/j.energy.2022.124224,An improved feedforward-long short-term memory modeling method for the whole-life-cycle state of charge prediction of lithium-ion batteries considering current-voltage-temperature variation,2022,Energy,https://doi.org/10.1016/j.energy.2022.124224,Addresses adaptive world models for long-horizon robot tasks or a neighboring robotics mechanism.,"Prior work usually predicts, ranks, filters, or imitates observed behavior rather than preserving unrealized branches.",The observed outcome is enough to supervise the model.,"Contact mode support, embodiment limits, and deployment perturbations.","Branch collapse, hidden-mode shift, and tail-risk planning failures.",Generic world models and generic uncertainty are crowded.,Embodied model repair memory keeps action-critical alternatives explicit until a physical observation collapses them.
87,doi:10.3390/s22020634,A Trust Management Model for IoT Devices and Services Based on the Multi-Criteria Decision-Making Approach and Deep Long Short-Term Memory Technique,2022,Sensors,https://doi.org/10.3390/s22020634,Addresses adaptive world models for long-horizon robot tasks or a neighboring robotics mechanism.,"Prior work usually predicts, ranks, filters, or imitates observed behavior rather than preserving unrealized branches.",The observed outcome is enough to supervise the model.,"Contact mode support, embodiment limits, and deployment perturbations.","Branch collapse, hidden-mode shift, and tail-risk planning failures.",Generic world models and generic uncertainty are crowded.,Embodied model repair memory keeps action-critical alternatives explicit until a physical observation collapses them.
88,doi:10.66279/292sm294,Vision Language Action Models for Embodied Intelligence A Structured Taxonomy Critical Analysis and Future Research Directions,2026,Computational Discovery and Intelligent Systems (CDIS),https://doi.org/10.66279/292sm294,Addresses adaptive world models for long-horizon robot tasks or a neighboring robotics mechanism.,"Prior work usually predicts, ranks, filters, or imitates observed behavior rather than preserving unrealized branches.",The observed outcome is enough to supervise the model.,"Contact mode support, embodiment limits, and deployment perturbations.","Branch collapse, hidden-mode shift, and tail-risk planning failures.",Generic world models and generic uncertainty are crowded.,Embodied model repair memory keeps action-critical alternatives explicit until a physical observation collapses them.
89,arxiv:2606.01164v1,"Towards Interactive Video World Modeling: Frontiers, Challenges, Benchmarks, and Future Trends",2026,arXiv,http://arxiv.org/abs/2606.01164v1,Addresses adaptive world models for long-horizon robot tasks or a neighboring robotics mechanism.,"Prior work usually predicts, ranks, filters, or imitates observed behavior rather than preserving unrealized branches.",The observed outcome is enough to supervise the model.,"Contact mode support, embodiment limits, and deployment perturbations.","Branch collapse, hidden-mode shift, and tail-risk planning failures.",Generic world models and generic uncertainty are crowded.,Embodied model repair memory keeps action-critical alternatives explicit until a physical observation collapses them.
90,arxiv:2603.13315v2,Bi-HIL: Bilateral Control-Based Multimodal Hierarchical Imitation Learning via Subtask-Level Progress Rate and Keyframe Memory for Long-Horizon Contact-Rich Robotic Manipulation,2026,arXiv,http://arxiv.org/abs/2603.13315v2,Addresses adaptive world models for long-horizon robot tasks or a neighboring robotics mechanism.,"Prior work usually predicts, ranks, filters, or imitates observed behavior rather than preserving unrealized branches.",The observed outcome is enough to supervise the model.,"Contact mode support, embodiment limits, and deployment perturbations.","Branch collapse, hidden-mode shift, and tail-risk planning failures.",Generic world models and generic uncertainty are crowded.,Embodied model repair memory keeps action-critical alternatives explicit until a physical observation collapses them.
91,arxiv:2605.12090v1,World Action Models: The Next Frontier in Embodied AI,2026,arXiv,http://arxiv.org/abs/2605.12090v1,Addresses adaptive world models for long-horizon robot tasks or a neighboring robotics mechanism.,"Prior work usually predicts, ranks, filters, or imitates observed behavior rather than preserving unrealized branches.",The observed outcome is enough to supervise the model.,"Contact mode support, embodiment limits, and deployment perturbations.","Branch collapse, hidden-mode shift, and tail-risk planning failures.",Generic world models and generic uncertainty are crowded.,Embodied model repair memory keeps action-critical alternatives explicit until a physical observation collapses them.
92,doi:10.1109/lra.2025.3619794,Diffusion Trajectory-guided Policy for Long-horizon Robot Manipulation,2025,arXiv,http://arxiv.org/abs/2502.10040v2,Addresses adaptive world models for long-horizon robot tasks or a neighboring robotics mechanism.,"Prior work usually predicts, ranks, filters, or imitates observed behavior rather than preserving unrealized branches.",The observed outcome is enough to supervise the model.,"Contact mode support, embodiment limits, and deployment perturbations.","Branch collapse, hidden-mode shift, and tail-risk planning failures.",Generic world models and generic uncertainty are crowded.,Embodied model repair memory keeps action-critical alternatives explicit until a physical observation collapses them.
93,arxiv:2310.15127v2,Open-Ended Instructable Embodied Agents with Memory-Augmented Large Language Models,2023,arXiv,http://arxiv.org/abs/2310.15127v2,Addresses adaptive world models for long-horizon robot tasks or a neighboring robotics mechanism.,"Prior work usually predicts, ranks, filters, or imitates observed behavior rather than preserving unrealized branches.",The observed outcome is enough to supervise the model.,"Contact mode support, embodiment limits, and deployment perturbations.","Branch collapse, hidden-mode shift, and tail-risk planning failures.",Generic world models and generic uncertainty are crowded.,Embodied model repair memory keeps action-critical alternatives explicit until a physical observation collapses them.
94,arxiv:2309.00987v2,Sequential Dexterity: Chaining Dexterous Policies for Long-Horizon Manipulation,2023,arXiv,http://arxiv.org/abs/2309.00987v2,Addresses adaptive world models for long-horizon robot tasks or a neighboring robotics mechanism.,"Prior work usually predicts, ranks, filters, or imitates observed behavior rather than preserving unrealized branches.",The observed outcome is enough to supervise the model.,"Contact mode support, embodiment limits, and deployment perturbations.","Branch collapse, hidden-mode shift, and tail-risk planning failures.",Generic world models and generic uncertainty are crowded.,Embodied model repair memory keeps action-critical alternatives explicit until a physical observation collapses them.
95,doi:10.53759/9852/jrs202301008,"Mental State Adaptive Interfaces as a Remedy to the Issue of Long-term, Continuous Human Machine Interaction",2023,Journal of Robotics Spectrum,https://doi.org/10.53759/9852/jrs202301008,Addresses adaptive world models for long-horizon robot tasks or a neighboring robotics mechanism.,"Prior work usually predicts, ranks, filters, or imitates observed behavior rather than preserving unrealized branches.",The observed outcome is enough to supervise the model.,"Contact mode support, embodiment limits, and deployment perturbations.","Branch collapse, hidden-mode shift, and tail-risk planning failures.",Generic world models and generic uncertainty are crowded.,Embodied model repair memory keeps action-critical alternatives explicit until a physical observation collapses them.
96,doi:10.1609/aaai.v39i27.35095,Deep Reinforcement Learning for Robotics: A Survey of Real-World Successes,2025,Proceedings of the AAAI Conference on Artificial Intelligence,https://doi.org/10.1609/aaai.v39i27.35095,Addresses adaptive world models for long-horizon robot tasks or a neighboring robotics mechanism.,"Prior work usually predicts, ranks, filters, or imitates observed behavior rather than preserving unrealized branches.",The observed outcome is enough to supervise the model.,"Contact mode support, embodiment limits, and deployment perturbations.","Branch collapse, hidden-mode shift, and tail-risk planning failures.",Generic world models and generic uncertainty are crowded.,Embodied model repair memory keeps action-critical alternatives explicit until a physical observation collapses them.
97,doi:10.3389/fphy.2022.975247,Using meta-reasoning for incremental repairs in multi-object robot manipulation tasks,2022,Frontiers in Physics,https://doi.org/10.3389/fphy.2022.975247,Addresses adaptive world models for long-horizon robot tasks or a neighboring robotics mechanism.,"Prior work usually predicts, ranks, filters, or imitates observed behavior rather than preserving unrealized branches.",The observed outcome is enough to supervise the model.,"Contact mode support, embodiment limits, and deployment perturbations.","Branch collapse, hidden-mode shift, and tail-risk planning failures.",Generic world models and generic uncertainty are crowded.,Embodied model repair memory keeps action-critical alternatives explicit until a physical observation collapses them.
98,arxiv:2303.04912v2,Embodied Active Learning of Relational State Abstractions for Bilevel Planning,2023,arXiv,http://arxiv.org/abs/2303.04912v2,Addresses adaptive world models for long-horizon robot tasks or a neighboring robotics mechanism.,"Prior work usually predicts, ranks, filters, or imitates observed behavior rather than preserving unrealized branches.",The observed outcome is enough to supervise the model.,"Contact mode support, embodiment limits, and deployment perturbations.","Branch collapse, hidden-mode shift, and tail-risk planning failures.",Generic world models and generic uncertainty are crowded.,Embodied model repair memory keeps action-critical alternatives explicit until a physical observation collapses them.
99,doi:10.1109/tnnls.2022.3201705,Learning of Long-Horizon Sparse-Reward Robotic Manipulator Tasks With Base Controllers,2022,IEEE Transactions on Neural Networks and Learning Systems,https://doi.org/10.1109/tnnls.2022.3201705,Addresses adaptive world models for long-horizon robot tasks or a neighboring robotics mechanism.,"Prior work usually predicts, ranks, filters, or imitates observed behavior rather than preserving unrealized branches.",The observed outcome is enough to supervise the model.,"Contact mode support, embodiment limits, and deployment perturbations.","Branch collapse, hidden-mode shift, and tail-risk planning failures.",Generic world models and generic uncertainty are crowded.,Embodied model repair memory keeps action-critical alternatives explicit until a physical observation collapses them.
100,doi:10.1002/oca.3097,Method for solving state‐path constrained optimal control problems using adaptive Radau collocation,2024,Optimal Control Applications and Methods,https://doi.org/10.1002/oca.3097,Addresses adaptive world models for long-horizon robot tasks or a neighboring robotics mechanism.,"Prior work usually predicts, ranks, filters, or imitates observed behavior rather than preserving unrealized branches.",The observed outcome is enough to supervise the model.,"Contact mode support, embodiment limits, and deployment perturbations.","Branch collapse, hidden-mode shift, and tail-risk planning failures.",Generic world models and generic uncertainty are crowded.,Embodied model repair memory keeps action-critical alternatives explicit until a physical observation collapses them.
